{"loss":0.10689527541399002,"_timestamp":1.7330063457110126e+09,"_runtime":225.926404,"_step":10,"accuracy":97.92999999999999,"_wandb":{"runtime":225},"epoch":10}