{"loss":0.13730360567569733,"_timestamp":1.733008396552049e+09,"_runtime":1580.5786169,"_step":50,"epoch":50,"accuracy":98.55000000000001,"_wandb":{"runtime":1580}}